-11085274429	Réunion	bk	Lajɛn						wt
-11284825780	Prophète	bk	Cira						wt
-11287133660	Joie	Boyd	Ninsɔndiya						wt
-11287332641	Serviteur/adorateur	bk	Sagokɛla						wt
-15176835587	Sans foi	bk	Janfanci						wt
1527665647505	Ce qu'elle nous réserve	yq	A be min mara an ye						wt
1527665647506	Ça ressemble à …	yq	A bɔnin be …ma						wt
1527665647507	Ça ressemble à quoi ?	yq	A bɔnin be mun le ma ?						wt
1527665647508	Qui est en droit de …	yq	A dagalen be jon ka …						wt
1527665647509	Tout au long de son ministère	yq	A ka cidenyabaara kuru bɛɛ la						wt
1527665647510	Son caractère généreux	yq	A ka sonni dusu						wt
1527665647511	Comment a-t-il réagi ?	yq	A kɔnna k'o koo ta cogo di?						wt
1527665647512	Cela ne consiste pas à ...	yq	A kɔrɔ tɛ ka…						wt
1527665647513	Sans jamais renoncer	yq	A ma sɔn k'a dabila abada						wt
1527665647514	Il y a plus de 2000 ans	yq	A saan 2000 ni kɔ ye nin ye						wt
1527665647515	Neutralité	yq	A te sen don politiki ko la						wt
1527665647516	Ne pas indisposer les gens inutilement	yq	A tɛ mɔgɔ kɔnɔ gwan gwansan						wt
1527665647517	Cette personne ne manifeste pas d'intérêt	yq	A tigi m'a mako don						wt
1527665647518	Rappelez aux proclamateurs	yq	A' ye weleweledalaw hakili jigi						wt
1527665647519	Compagnon de travail de dieu	yq	Ala ka baarakɛnyogon						wt
1527665647521	Armure complète de dieu	yq	Ala ka kɛlɛkɛ minenw bɛɛ						wt
1527665647523	Merveilleuses promesses divines	yq	Ala ka layidu cɛnyumanbaw koo						wt
1527665647524	Ecole du ministère théocratique	yq	Ala ka Mara cidenyabaara lakɔli						wt
1527665647525	Théocratie	yq	Ala ka mara cogo						wt
1527665647528	Royaume de dieu établi	yq	Ala ka masaya sigira sen kan						wt
1527665647529	Monde impie	yq	Ala ɲɛsiranbali duniɲa						wt
1527665647530	Volonté divine	yq	Ala sago						wt
1527665647532	Instruction spirituelle	yq	Alakow kalan						wt
1527665647533	Nous savons parfaitement que	yq	An b'a lɔn ka gwɛ ko						wt
1527665647534	Nous oublions tout le temps	yq	An be ɲinɛ tuma o tuma						wt
1527665647535	Ceux qui nous observent	yq	An filɛbagaw						wt
1527665647536	Notre tenue bien arrangée	yq	An ka fani doncogo ɲuman						wt
1527665647537	Lors de la préparation d'un exposé	yq	An ka kalan labɛnto						wt
1527665647538	Adopter le bon point de vue	yq	An ka kɛ ni miiriya ɲuman ye						wt
1527665647539	Notre foi augmente	yq	An ka lanaya de dunya						wt
1527665647540	Continuons d'attendre jéhovah	yq	An ka to ka jehova makɔnɔ						wt
1527665647541	Adaptons-nous	yq	An ka yɛlɛmani dɔw kɛ an yɛrɛ ka koow la						wt
1527665647542	Nous sommes bien informés	yq	An kalannin lo kosɔbɛ						wt
1527665647543	En prêchant	yq	An kɛtɔ ka waajuli kɛ						wt
1527665647544	Ne pas se focaliser sur nous-mêmes	yq	An man kan ka hakili sigi an ka jɔrɔ an yɛrɛ koo la						wt
1527665647545	Notre glorieux père céleste	yq	An sankolola faa cyɛnyumanba						wt
1527665647546	Pas coupable d'une dette de sang	yq	An tɛ mɔgɔ joli hakɛ ta						wt
1527665647547	Activité intense	yq	Baara gwanniman						wt
1527665647548	Activité spéciale	yq	Baara kɛrɛnkɛrɛnnin						wt
1527665647549	Prophète de malheur	yq	Balawo kibaro weleweledala						wt
1527665647550	Frère inactif	yq	Balima sumalen						wt
1527665647551	Préposé aux territoires	yq	Balimancɛ  min be kiin koow  ɲɛnabɔ						wt
1527665647552	Travail profane	yq	Baloɲini baara						wt
1527665647553	Points faibles du pays	yq	Barika tɛ jamana yɔrɔ minw na						wt
1527665647554	Points forts	yq	Barikamakow						wt
1527665647555	Points faibles	yq	Barikantanyakow						wt
1527665647556	Conversation initiale	yq	Baro folo						wt
1527665647557	Thème	yq	Barokun				Kalankun		wt
1527665647558	Adorateur	yq	Batobaga						wt
1527665647563	Adapter (s') aux gens	yq	Bɛn mɔgɔw ma						wt
1527665647564	Vie actuelle	yq	Bi ka ɲɛnamaya						wt
1527665647565	Système de chose actuel	yq	Bi koow sigicogoya						wt
1527665647566	Contemporain (de notre époque)	yq	Bi mɔgɔ						wt
1527665647567	Aujourd'hui plus que jamais	yq	Bi, ka tɛmɛ sanga ni wagati  bɛɛ kan						wt
1527665647569	Compréhension actuelle de la bible	yq	Bibulu faamuyacogo kura						wt
1527665647570	Le récit inspiré nous apprend que	yq	Bibulu ka lakalita b'a fɔ an ye ko						wt
1527665647572	Enseignement biblique fondamental	yq	Bibulu kalansira jonjon						wt
1527665647573	Dans les temps bibliques	yq	Bibulu sɛbɛwagati la						wt
1527665647574	Étude biblique	yq	Bibulukalan						wt
1527665647575	Biens matériels	yq	Bololafɛnw						wt
1527665647576	Contribution volontaire	yq	Bolomafara						wt
1527665647577	Contribuer	yq	Bolomafara di						wt
1527665647578	Se déverser	yq	Bɔn						wt
1527665647579	Boîte	yq	Buwati		Gongo				wt
1527665647580	Apôtre	yq	Ciden						wt
1527665647581	École de formation ministérielle	yq	Cidenyabaara degeli lakɔli						wt
1527665647584	Exposé n°1	yq	Cii folo kalan						wt
1527665647585	Dix commandements	yq	Cikan Tan						wt
1527665647586	Message impopulaire	yq	Cira min tun man di mɔgɔw ye						wt
1527665647587	Prophétie	yq	Ciraya		Cirakuma				wt
1527665647588	Dans la dignité	yq	Cogo bɛnnen na						wt
1527665647589	De façon méthodique (ordonnée)	yq	Cogo tilennen na						wt
1527665647590	Porte en porte	yq	Da ni da la						wt
1527665647592	Imperfection	yq	Dafabaliya						wt
1527665647593	Inspirée de dieu	Yannick	Dafiɲɛ fɛ (ala...)						wt
1527665647594	Lors de l'examen du paragraphe	yq	Dakun lajɛtɔ						wt
1527665647595	Révision orale	yq	Dalafoli segikanni						wt
1527665647596	Entamer (entamer une conversation)	yq	Daminɛ						wt
1527665647598	Pionnier spécial	yq	Dan na Piyoniye						wt
1527665647599	Créature spirituelle	yq	Danfɛn hakililama						wt
1527665647600	Contemporain de david	Yannick	Daouda ka wagati mɔgɔ				Daouda ka filankuru		wt
1527665647601	Fils unique-engendré	yq	Dencɛ kelenpɛ bangelen						wt
1527665647603	Secte	yq	Diinan bolo fara						wt
1527665647604	Collège d'anciens	yq	Diinan mɔgɔkorow jɛnkulu						wt
1527665647606	Coordinateur du collège des anciens	yq	Diinan mɔgɔkɔrɔw jɛnkulu ka koow labɛnbaga						wt
1527665647607	Surveillant président	yq	Diinan mɔgɔkɔrɔw ɲɛbila						wt
1527665647608	Surveillant de ville	yq	Dugu kɔrɔsibaga						wt
1527665647609	Sur la terre entière	yq	Dugukolo kuru bɛɛ kan		Dugukolo faan bɛɛ la				wt
1527665647610	Ruine de la terre	yq	Dugukolo tinyɛni						wt
1527665647611	Esprit du monde	yq	Duninya ka miiriya						wt
1527665647612	Dans un monde méchant et corrompu	yq	Duniɲa juguman tolinen kɔnɔ						wt
1527665647613	Puissance mondiale	yq	Duniɲa ka jamana fangatigi						wt
1527665647614	Souverain de l'univers / souverain seigneur	yq	Duniɲa kuru bɛɛ masaba						wt
1527665647616	Contenance, Capacité	yq	Fahakɛ						wt
1527665647617	Une tenue et une coiffure modeste	yq	Fanidocogo ni kuun masiricogo dama kɛɲɛnen						wt
1527665647619	Chair imparfaite	yq	Farisogo dafabali						wt
1527665647620	Oeuvres de la chair	yq	Farisogo ka kɛwali						wt
1527665647621	Désirs charnels	yq	Farisogo negew						wt
1527665647622	Faute grave	yq	Filiba						wt
1527665647623	Tabernacle	yq	Finiso						wt
1527665647626	Discours spécial	yq	Forobakalan kɛrɛnkɛrɛn						wt
1527665647628	Discours de mariage	yq	Furukalan						wt
1527665647629	Publication	yq	Gafe						wt
1527665647630	Préposé aux publications	yq	Gafekow ɲɛnabobaga						wt
1527665647632	Demande de publications (demande écrite)	yq	Gafew nyinisɛbɛ						wt
1527665647634	Inefficacité des gouvernements	yq	Gofɛrɛnɛman dɛsɛbagato						wt
1527665647635	Propos confidentiels	yq	Gundo kumaw						wt
1527665647636	Étude familiale	yq	Gwakalan						wt
1527665647637	Poteau de supplice	yq	Gwengwe yiri						wt
1527665647638	Esprit fixé sur le royaume	Yannick	Hakili be sigi masaya koow kan						wt
1527665647640	Esprit saint	yq	Hakili senu						wt
1527665647642	Riche nourriture spirituelle	yq	Hakilimaya domuni nafamanba						wt
1527665647643	Compagnie spirituelle stimulante	yq	Hakilimaya jɛnnyogonya duman						wt
1527665647644	Combien d'idées aborder ?	yq			Hakilinata hakɛ juman ta ?				wt
1527665647645	Point principal	yq	Hakilinata jonjon		hakilinata kunbaba				wt
1527665647646	Éclaircir un point	yq	Hakilinata koro yira ka gwɛ						wt
1527665647647	Même lorsque la situation semble désespérée	yq	Hali ni koow be i n'a fɔ jigisɛmɛ yɔrɔ tɛ yen						wt
1527665647648	Assurez-vous que la chambre est propre et nette	yq	I k'i janto k'a filɛ n'i sibon saniyalen be ani a ladonnen be						wt
1527665647649	Donner à jéhovah le meilleur	yq	I k'i seko fisaman kɛ jehova ma						wt
1527665647650	Noter les points qui s'appliquent à toi	yq	I ka hakilinataw sɛbɛ, minw ɲɛsinna i ma						wt
1527665647651	Restons proches de l'organisation de jéhovah	yq	I ka to jehova ka jɛnkulu kɔrɔ						wt
1527665647652	Ne pas s'écarter des lois	yq	I kana mabɔ sariyaw la						wt
1527665647653	Objectif personnel	yq	I togola lanyinita						wt
1527665647655	Support visuel	yq	Jaa		Foto				wt
1527665647656	Réponse imprimée	yq	Jaabili sɛbɛnen						wt
1527665647657	Source d'encouragement	yq	Jagwɛlɛya sababu						wt
1527665647659	Accusé faussement	yq	Jalaki gwansan						wt
1527665647660	Peuple élu	yq	Jama sugandilen						wt
1527665647661	Efficace	yq			Bɛrɛbɛrɛ		min be sanga sɔrɔ		wt
1527665647662	Grande foule	yq	Jamakuluba						wt
1527665647664	Se retirer	yq	Jara						wt
1527665647665	Jéhovah désire le meilleur de nous -mêmes	yq	Jehova be an seko fisaman lo fɛ						wt
1527665647666	Jéhovah sera avec nous	yq	Jehova bena kɛ an fɛ						wt
1527665647667	Créations de jéhovah	Yannick	Jehova ka fɛɛn danenw						wt
1527665647668	Jéhovah mérite d'être loué	yq	Jehova ka kan ni tandoli ye						wt
1527665647671	Jéhovah a décrété que	yq	Jehova y'a latigɛ ko						wt
1527665647673	Brûler / consumer	Yannick	Jeni				Jɛni		wt
1527665647674	Se réunir avec ceux que nous aimons	yq	Jɛn n'an diyanye mɔgɔw ye						wt
1527665647675	Saine compagnie	yq	Jɛnnyogonya nyuman						wt
1527665647678	Améliorer sa personnalité	yq	Jogo yɛlɛma						wt
1527665647680	Esclave fidèle et avisé	yq	Jɔnkɛ dannamɔgɔ hakiliman		Joncɛ  kantigiman hakiliman				wt
1527665647681	Transgresseur	yq	Jurumukɛla						wt
1527665647682	Laisser la parole de dieu les pousser à l'action	yq	K'a to ala ka kuma ka u lasun						wt
1527665647684	Souligner (accentuer)	yq	K'a yira ka gwɛ						wt
1527665647685	Compter sur jéhovah	Yannick	K'an bolo la jehova kan						wt
1527665647686	Nourrir le cœur	yq	K'an dusukun balo						wt
1527665647687	Nous inciter	yq	K'an lasun						wt
1527665647688	Donner le meilleur	yq	K'an seko fisaman kɛ						wt
1527665647689	Résister aux tentations	yq	K'an yɛrɛ lafasa kɔrɔbɔliw ma						wt
1527665647690	Se comparer aux autres	yq	K'an yɛrɛ suma ni mɔgɔw wɛrɛw ye						wt
1527665647691	Revêtir un corps humain	yq	Ka adamaden cogoya ta						wt
1527665647692	Respecter les normes divines	yq	Ka Ala ka siraw labato						wt
1527665647693	Refuser une transfusion de sang	yq	Ka ban ka joli don an fari la						wt
1527665647694	Parler d'un sujet d'intérêt local	yq	Ka baro dabo kiin kono koo do kan						wt
1527665647695	Améliorer nos conversations	yq	Ka baro kɛcogo fisaya						wt
1527665647696	Succomber aux tentations	yq	Ka ben Kɔrɔboliw na						wt
1527665647697	Apprendre des textes bibliques	yq	Ka bibulusenw degi k'u lɔn						wt
1527665647698	Collaborer avec les anciens	yq	Ka bolo di diinan mɔgɔkorow ma						wt
1527665647700	Ecourter poliment la conversation	yq	Ka daan sigi o baro la ni bonya ye						wt
1527665647701	Cultiver de bonnes habitudes	yq	Ka degi delinanko ɲumanw na						wt
1527665647702	Toucher le cœur	yq	Ka dusu sɔrɔ						wt
1527665647703	Développer nos facultés de perception	yq	Ka faamuyali hakili bonya						wt
1527665647704	Tenue raisonnable	yq	Ka fani kɛɲɛnen don						wt
1527665647705	Séances d'excercice	yq	Ka gafe yiracogo degi						wt
1527665647706	Excommunier	yq	Ka gwɛn ka bɔ kafo kɔnɔ						wt
1527665647707	Raisonner habilement à partir des écritures	yq	Ka hakilijagabɔ koɲuman bibulusenw kan						wt
1527665647708	Réponse claire	yq	Ka jaabili soro min gwɛnen be						wt
1527665647709	Tenir compte de ses limites	yq	Ka janto a ka faamuyali danyoro la						wt
1527665647710	Faire attention à son enseignement	yq	Ka janto mɔgɔw kalanni na						wt
1527665647711	Connaître jéhovah et le servir	yq	Ka jehova lon ani ka baara kɛ a ye						wt
1527665647712	Louer jéhovah publiquement	yq	Ka jehova tando bɛɛ nyɛ na						wt
1527665647713	Resserrer ses liens avec jéhovah	yq	Ka jɛnɲɔgɔya teriman yiriwa ile ni ala cɛ						wt
1527665647714	Se chercher des excuses	yq	Ka joo di an yɛrɛ ma						wt
1527665647715	Améliorer la qualité de la voix	yq	Ka kaan cogo fisaya						wt
1527665647716	Enseigner avec simplicité	yq	Ka kalan cogo nɔgɔman na						wt
1527665647717	Commencer une étude  dès le premier contact	yq	Ka kalan daminɛ ɲɔgɔnye fɔlɔ la						wt
1527665647718	Tirer leçon	yq	Ka kalan sɔrɔ						wt
1527665647719	Assumer les responsabilités chrétiennes	yq	Ka kerecɛnya kunkanbaaraw dafa						wt
1527665647720	Axer sa vie	yq	Ka kɛ a ɲɛnako fɔlɔ ya						wt
1527665647722	Commander (passer commande)	yq	Ka komandi kɛ						wt
1527665647723	Rester équilibré	yq	Ka koo kɛ k'a dama kɛnyɛ						wt
1527665647724	Croître spirituellement	yq	Ka kɔgɔ Alako ta fan fɛ						wt
1527665647725	Anticiper les objections	yq	Ka kɔn k'i yɛrɛ labɛn sɔsɔliw koo la						wt
1527665647726	Avant notre ère	yq	Ka kɔn Krista tile ɲɛ						wt
1527665647727	Demander des congés	yq	Ka kɔnze deli						wt
1527665647728	Surveiller correctement	yq	Ka kɔrɔsi ka ɲɛ						wt
1527665647729	Pause appropriée	yq	Ka kuma ka lɔ cogo bɛnnen na						wt
1527665647730	S'agenouiller	yq	Ka kunbiri gwan duguma						wt
1527665647731	Se réveiller de la mort	yq	Ka kunu ka bɔ saya la						wt
1527665647732	Se fixer personnellement des objectifs	yq	Ka lanyinitaw latigɛ u yɛrɛw ye						wt
1527665647733	Se fixer l'objectif d'être	yq	Ka laɲini ka kɛ … ye						wt
1527665647734	Eveiller la curiosité	yq	Ka lasun u ka ɲiningali kɛ						wt
1527665647735	Tenir ferme contre le diable et les démons	yq	Ka lo ka nyɛ ka sitanɛ ni jinaw kunbɛn						wt
1527665647736	Nettoyer et entretenir la salle du royaume	yq	Ka masaya boon saniya ani k'a ladon						wt
1527665647737	Susciter la conversation	yq	Ka mɔgɔ lasun a k'a daa don an ka baro la						wt
1527665647738	Enseigner sans oublier que le temps presse	yq	Ka mɔgɔ kalan ni kɔrɔtɔ miiriya ye						wt
1527665647739	Tirer profit	yq	Ka nafa sɔrɔ						wt
1527665647740	Calomnier jéhovah	yq	Ka nafigiya kɛ jehova la						wt
1527665647741	Amasser des trésors sur la terre	yq	Ka nafolo lajɛn dugukolo kan						wt
1527665647742	Offrandes en faveur de l'œuvre mondiale	yq	Ka nili kɛ duniɲa kuru bɛɛ kama						wt
1527665647743	Donner avec joie	yq	Ka nili kɛ ni diyanye ye						wt
1527665647744	Repentir sincère	yq	Ka nimisa sɔbɛ la						wt
1527665647745	Glorifier dieu	Yannick	Ka nɔɔrɔ la ala kan						wt
1527665647746	Mener une vie simple	yq	Ka ɲɛnamaya kɛ cogo nɔgɔman na						wt
1527665647747	Vivre dans l'attachement à dieu	yq	Ka ɲɛnamaya kɛ k'an masirilen to ala la						wt
1527665647748	Changer de mode de vie	yq	Ka ɲɛnamaya kɛcogo yɛlɛma						wt
1527665647750	Soigneusement nettoyé avant l'heure	yq	Ka saniya konyuman ka kɔn lɛri nyɛ						wt
1527665647751	Surmonter les obstacles	yq	Ka see sɔrɔ baliw kan						wt
1527665647752	Participer à une forme du ministère	yq	Ka seen don cidenya baara faan dɔ la						wt
1527665647753	Faire notre maximum	yq	Ka seko bɛɛ kɛ						wt
1527665647754	Prendre note succinctement	yq	Ka sɛbɛ ka surunya						wt
1527665647755	Ajouter du poids à nos paroles	yq	Ka sinsin an ka kumaw kan						wt
1527665647756	Nous affiner	yq	Ka soon kolon bo an na						wt
1527665647757	S'appliquer à connaître la parole de dieu	yq	Ka sɔbɛ don ka ala ka kuma kalan						wt
1527665647758	Soulever une objection	yq	Ka sɔsɔli lawuli						wt
1527665647759	Aller à un rendez-vous	yq	Ka taa nyogonye do la						wt
1527665647760	Aller là où le besoin est grand	yq	Ka taga sigi yɔrɔ min na makoyaba be yen						wt
1527665647761	Éviter les pièges	yq	K'a yɛrɛ tanga jaan dow ma						wt
1527665647762	Payer les frais de transport	yq	Ka taransipɔri musakaw sara						wt
1527665647763	Saisir les occasions propices	yq	Ka tɛmɛ cogoya ɲumanw fɛ						wt
1527665647764	Prendre position pour jéhovah	yq	Ka tugu jehova kɔ						wt
1527665647765	Prêcher librement	yq	Ka waajuli kɛ ɲɛsuma na						wt
1527665647766	Réserver du temps	yq	Ka wagati latigɛ						wt
1527665647770	Congrégation	yq			Kafo				wt
1527665647771	Besoin de la congrégation	yq	Kafo ka mako						wt
1527665647772	Membre de la congrégation	yq	Kafoden						wt
1527665647774	Surveillant de circonscription	yq	Kafokulu kɔrɔsigibaga		Kafokulu kɔrɔsibaga				wt
1527665647775	Comment remplir le formulaire	yq	Kafolisɛbɛ dafacogo						wt
1527665647776	Immoralité	yq	Kakalaya						wt
1527665647777	Après chaque exposé	yq	Kalan kelen-kelen banni kɔ						wt
1527665647778	Orateur	yq	Kalan kɛbaga		Forobakalan dibaga				wt
1527665647779	Développement logique	yq	Kalan kɛcogo tilenna						wt
1527665647780	Discours et discussions	yq	Kalan ni baro						wt
1527665647781	Environ 5000 nouveaux disciples	yq	Kalanden kura 5000 nyogon						wt
1527665647782	Publications d'étude	yq	Kalankɛ  gafew						wt
1527665647783	Symposium	yq	Kalankulu						wt
1527665647784	Exposé suivant	yq	Kalansen nɔfɛta						wt
1527665647786	Fils de la désobéissance	yq	Kan bilali denw						wt
1527665647787	Campagne spéciale	yq	Kanpaɲi kɛrɛnkɛrɛn						wt
1527665647788	Bonté de cœur	yq	Kanuya kantigiman						wt
1527665647789	Son amour influence toutes ses actions	yq	Kanuya lo b'a lasun a ka kɛtaw bɛɛ la						wt
1527665647790	Étude individuelle	yq	Kelenna kalan						wt
1527665647791	Frères chrétiens	yq	Kerecɛn balimaw						wt
1527665647792	Ministre chrétien	yq	Kerecɛn ciden						wt
1527665647793	Chrétien célibataire	yq	Kerecɛn furubali						wt
1527665647794	Chrétien marié	yq	Kerecɛn furulen						wt
1527665647795	Compagnons chrétiens	yq	Kerecɛnɲɔgɔnw						wt
1527665647796	Réunion chrétienne	yq	Kerecɛnya lajɛn						wt
1527665647798	Char de guerre	yq	Kɛlɛkɛwotoro						wt
1527665647799	Lumière brillante (vérité)	yq	Kɛnɛyeelen						wt
1527665647800	Temple 	yq	Batosoba						 wt
1527665647801	Bonne nouvelle	yq	Kibaro duman						wt
1527665647802	Bonne nouvelle éternelle	yq	Kibaru duman banbali						wt
1527665647804	Territoire / quartier	yq	Kiin		Jamana				alasane wt
1527665647805	Territoire souvent parcouru	yq	Kiin boli-boli siɲɛ caaman						wt
1527665647807	Christ	yq	Kirista						wt
1527665647809	Étude de livre	yq	Kitabukalan jɛnkulu						wt
1527665647810	Séparer de babylone la grande	yq	Ko an faranna ka bo babilonɛba la						wt
1527665647811	Surveillant de district	yq	Kobe kɔrɔsigibaga						wt
1527665647812	Compte tenu du temps imparti	yq	Komi wagati daan tigɛra						wt
1527665647813	Vérifions les choses les plus importantes	yq	Koo minw kɔrɔtanin lo ka tɛmɛ tɔɔw kan, aw k'olu faranfasi						wt
1527665647814	Système de choses	yq	Koo sigi cogoya		Diɲɛ				wt
1527665647816	Collège central	yq	Koow Ɲɛnabɔla Jɛnkulu						wt
1527665647817	Mer rouge	Yannick	Kɔgɔji wulen						wt
1527665647818	Tentation	yq	Kɔrɔboli						wt
1527665647820	Assistant ministériel	Yannick	Kɔrɔsigi ciden						wt
1527665647821	Assistant ministériel expérimenté	yq	Kɔrɔsigi ciden setigi						wt
1527665647822	Résumé (raccourci)		Lasurunyanin						 wt
1527665647824	En cas d'urgence	yq	Kɔrɔtɔkow kosɔn						wt
1527665647826	Intronisation du christ	yq	Krista sigini masa sigilan kan						wt
1527665647828	Service à plein temps	yq	Kudayi cidenya baara						wt
1527665647829	Pionnier permanent	yq	Kudayi Piyoniye						wt
1527665647830	Technique oratoire	yq	Kumacogo fɛɛrɛ						wt
1527665647831	Prière de conclusion	yq	Kuncɛli delili						wt
1527665647832	De nouveaux sommets ont été atteints	yq	Kunkɔrɔta kura caaman sɔrɔla						wt
1527665647836	Communication spéciale	yq	Kunnafoni kɛrɛnkɛrɛn						wt
1527665647838	Trébucher (spirituellement)	yq	Kunnatiɲɛ						wt
1527665647839	Souveraineté	yq	Kuntigiya		Sebagaya		Masabaya		wt
1527665647840	Conducteur à la tour de garde	yq	La tour de garde kalan ɲɛminɛbaga						wt
1527665647841	Organisation	yq	Labɛn		Ɔriganisasiyɔn				wt
1527665647844	Lors de la réunion	yq	Lajɛn kɛto						wt
1527665647845	Lieux de culte	yq	Lajɛn kɛyɔrɔw						wt
1527665647846	Fronde / Lance-pierre	yq			Bɛrɛbonna				wt
1527665647847	Salle d'assemblées	yq	Lajɛnba boonw						wt
1527665647848	Surveillant de l'école	yq	Lakoli kɔrɔsibaga						wt
1527665647851	Compagnon de chambre	yq	Lamɔgɔ						wt
1527665647852	Foi (sans)	yq	Lanabaliya						wt
1527665647853	Foi	yq	Lanaya						wt
1527665647854	Foi solide	yq	Lanaya barikaman						wt
1527665647855	Foi naissante	yq	Lanaya kura						wt
1527665647857	Terre promise	yq	Layidu jamana						wt
1527665647858	Arche (de l'alliance)	yq	Layidu waganden						wt
1527665647859	Semaine spéciale	yq	Lɔgɔkun kɛrɛnkɛrɛnnin						wt
1527665647860	Jéhovah est humble	yq	Majigilenya be Jehova la (Si sentiment, qualité, partie du corps : be … la)						wt
1527665647861	Chez les personnes intéressées	yq	Makodon mɔgɔw fɛ						wt
1527665647862	Ne doit pas durer plus de	yq	Man kan ka mɛɛn ka tɛmɛ … kan						wt
1527665647863	Codirigeant	yq	Marakɛɲɔgɔn						wt
1527665647865	Salle du royaume	yq	Masaya boon				Massaya Soo	Bambara	wt
1527665647866	Ministère du royaume	yq	Masaya cidenyabaara						wt
1527665647867	Manière	yq			Cogoya				wt
1527665647870	Repas du seigneur	yq	Matigi ka surafana seli						wt
1527665647872	Attitude mentale	yq	Miiriya cogo						wt
1527665647873	Offre du mois	yq	Min be di kalo la						wt
1527665647874	Qui convienne	yq	Min dagalen be						wt
1527665647875	Qui mérite toute notre attention	yq	Min ka kan ka ta sɔbɛ la						wt
1527665647876	Trop décontracté	yq	Min labilanen lo kojugu						wt
1527665647877	Qui correspond	yq	Min nyɛsinna						wt
1527665647878	Qui est indécent	yq	Min tɛ mɔgɔ sutara						wt
1527665647879	Qui est excentrique	yq	Min waganen lo kojugu						wt
1527665647880	Ceux dont la situation ressemble à la nôtre	yq	Minw be an ka cogoya ɲɔgɔn kɔnɔ						wt
1527665647881	Qui correspondent le mieux à leurs besoins	yq	Minw be u makow ɲɛ cogo fisaman na						wt
1527665647882	Ceux qui ont grandi dans un foyer chrétien	yq	Minw lamɔna kerecɛnya denbaya kɔnɔ						wt
1527665647883	Sujet de préoccupation	yq	mɔgɔ be hami koo min koson						wt
1527665647884	Membres du service accueil	yq	mɔgɔ kunbɛnbagaw						wt
1527665647885	Beaucoup écoutent plus attentivement	yq	mɔgɔw b'u tulo malo						wt
1527665647886	Préposé à l'accueil	yq	Mɔgɔ kunbɛnbaga						wt
1527665647887	Peuple particulier	yq	Mɔgɔ ɲɛnatɔmɔnin						wt
1527665647888	Cela ne passe pas inaperçu	yq	Mɔgɔ wɛrɛw b'a kɔrɔsi						wt
1527665647889	Centres d'intérêt des gens	yq	Mɔgɔw ka makoyaw						wt
1527665647890	Qu'est-ce que cela requiert de nous?	yq	Mun lo ɲininen be an fɛ do ?						wt
1527665647891	Pourquoi tolère-t-il autant de souffrances ?	yq	Mun na a b'a to tɔɔrɔ be caya ten ?						wt
1527665647893	Endurance	Yannick	Muɲuli						wt
1527665647894	Apostat	yq	Murutilen						wt
1527665647895	Quand nous sommes occupés dans le service	yq	N'an bolo degunnen be Alakow la						wt
1527665647897	Bienfait durable	yq	Nafa bɛrɛbɛrɛ						wt
1527665647898	J'ai ma propre religion	yq	Ne be diinan dɔ la ka ban						wt
1527665647899	Ça ne m'intéresse pas	yq	Ne mako t'a la						wt
1527665647900	Je ne m'intéresse pas aux témoins de jéhovah	yq	Ne mako tɛ jehova seerew la						wt
1527665647901	Tact	yq	Nɛmɛnɛmɛ						wt
1527665647902	La fin de la fausse religion est proche	yq	Ngalon diinan laban ka surun						wt
1527665647903	Si une personne manifeste de l'intérêt	yq	Ni mɔgɔ do y'a mako don an ka baro la						wt
1527665647904	Dans la mesure du temps disponible	yq	Ni wagati be yen						wt
1527665647905	Offrande	yq	Nili						wt
1527665647906	Au bord du nil	Yannick	Nili bada la						wt
1527665647908	Repentir (se)	yq	Nimisa fɛn la						wt
1527665647909	Repentance	yq	Nimisali						wt
1527665647910	Cela donne vraiment à réfléchir	yq	Nin b'an lasun ka miiri sɔbɛ la						wt
1527665647911	Cette information est importante car …	yq	Nin kunnafoni korotalen be sabu …						wt
1527665647914	Service joyeux	yq	Nyagali baara						wt
1527665647915	Espérance de la vie éternelle	yq	Nyɛnamaya banbali jigi						wt
1527665647918	Président (d'une réunion)	yq	Ɲɛminɛbaga		Barokuntigi		Kalankɛla ɲɛbila		wt
1527665647919	Réunion récréative	yq	Ɲɛnagɛw lajɛn		Tulonkɛ lajɛn		Ɲɛnagɛw ɲɔgɔnye		wt
1527665647920	Éveiller l'intérêt	yq	Ɲɛnatigɛ		Ka hakili sama				wt
1527665647921	Question subsidiaire	yq	Ɲiningali wɛrɛ						wt
1527665647922	Esprit de compétition	yq	Ɲɔgɔndan miiriya						wt
1527665647923	Bonté	Yannick	Ɲumaya						wt
1527665647924	Bonté mal placée	yq	Ɲumaya min man kan		Ɲumaya min a dagalen tɛ				wt
1527665647925	Cela prouve que	yq	O b'a yira ka gwɛ ko						wt
1527665647926	Cela arrivera de notre vivant	yq	O bena kɛ k'an to sii la						wt
1527665647927	De tels sacrifices	yq	O bonyogonko sarakaw						wt
1527665647928	Un article l'a poussé	yq	O kalan y'a lasun						wt
1527665647929	Cette femme n'a jamais manqué une réunion	yq	O muso ma fɔn lajɛn si la						wt
1527665647930	Ce genre de questions	yq	O ɲiningali ɲogonw						wt
1527665647931	Pas le moment de flâner	yq	O tɛ saliya wagati ye						wt
1527665647932	Cela l'affermi en vue des épreuves à endurer	yq	O ye a fanga don a la walisa a ka kɔrɔbɔliw muɲu						wt
1527665647933	Pionnier auxiliaire	yq	Piyoniye korosigi						wt
1527665647935	Service de pionnier	yq	Piyɔniye baara						wt
1527665647937	Rapport	yq	Rapoori						wt
1527665647938	Texte de l'année	yq	Saan ka kalankun		Saan ka bibulusen				wt
1527665647939	1er siècle	yq	Saan kɛmɛ folo						wt
1527665647941	Autres brebis	yq	Saga wɛrɛw						wt
1527665647942	Petit troupeau	yq	Sagakulunin						wt
1527665647947	Sacrifice	yq	Saraka						wt
1527665647948	Sacrifier (à faux dieu)	yq	Saraka bɔ		kɛ				wt
1527665647950	Conditions à remplir	yq	Saratiw ka dafa						wt
1527665647953	Témoin	yq	Seere		Seree				wt
1527665647954	Témoignage informel	yq	Seereya kɛ sababu dɔ sen fɛ		Sen fɛ seereya		Senfɛ sereya		wt
1527665647956	Secrétaire	yq	Sekeretɛri						wt
1527665647957	Saint	yq	Senu				Senuman		wt
1527665647958	Témoignage	yq	Sereeya						wt
1527665647959	Asperger	yq	Seri seri						wt
1527665647960	Tract/dépliant	yq	Sɛbɛnin						wt
1527665647962	Divers aspects	yq	Sifa faanw ka ca						wt
1527665647963	Coépouse	yq	Sinamuso						wt
1527665647965	Site officiel	yq	Site daganin						wt
1527665647966	Classe de "l'intendant"	yq	So kunna sigibaga jɛnkulu						wt
1527665647967	Intendant	yq	Sokunnasigibaga						wt
1527665647968	Système de sonorisation	yq	Sono juru						wt
1527665647971	Société	yq	Sosiyete						wt
1527665647972	Filiale	yq	Sosiyete ka biro		Tonbolo		Tɔnbolo biro		wt
1527665647973	Sujet controversé	yq	Sɔsɔli kuma						wt
1527665647974	Esprit des ancêtres	yq	Sukɔrɔ						wt
1527665647978	Trébucher (physiquement)	yq	Talon						wt
1527665647979	Des amis peu recommandables	yq	Teri jugu sifaw						wt
1527665647980	Premier contact	yq	Tɛmɛko fɔlɔ						wt
1527665647981	Assemblée de circonscription	yq	Tile fila lajɛnba						wt
1527665647982	Assemblée spéciale d'un jour	yq	Tile kelen lajɛnba						wt
1527665647983	Assemblée de district	yq	Tile saba lajɛnba						wt
1527665647984	Texte du jour	yq	Tilera kalan		Lon o lon ka miiriya				wt
1527665647985	Estrade	yq	Tintin						wt
1527665647986	Surélévation/estrade	yq	Tintin						wt
1527665647987	Le seul vrai dieu	yq	Tiɲɛn ala kelenpe						wt
1527665647988	Bureau de la filiale	yq	Tɔnbolo biro						wt
1527665647990	Alliance	Yannick	Tɔnsigi						wt
1527665647991	Grande tribulation	yq	Tɔɔrɔba						wt
1527665647992	Déluge	yq	Tufane jii		Sanjiba				wt
1527665647993	Compagnon	yq	Tunɲɔgɔn						wt
1527665647994	Convertir(se)	yq	Tuubi						wt
1527665647995	Éviter les extrêmes	yq	U waganen tɛ						wt
1527665647996	Retrait volontaire	yq	U yɛrɛ mabɔ kafo la						wt
1527665647997	À cause de leur état de pécheur	yq	U yɛrɛw ka jurumutoya koson						wt
1527665647999	Verset	yq	Vɛrise		Bibulusen				duplicate wt
1527665648000	Verset clé	yq	Vɛrise jonjon						wt
1527665648002	Devoir sacré	yq	Waajibiko senuman						wt
1527665648004	Quand nous prêchons	yq	Waajuli kɛto						wt
1527665648005	Ministère (prédication)	yq	Waajulibaara						wt
1527665648006	Surveillant au service	yq	Waajulibaara kɔrɔsibaga						wt
1527665648007	Année de service	yq	Waajulibaara saan						wt
1527665648008	Évangélisateur zélé	yq	Waajulikɛla kisɛman						wt
1527665648009	Le numéro de carte de territoire	yq	Waajulikɛyɔrɔ karti ka nimɔrɔ						wt
1527665648010	Groupes de prédication	yq	Waajuliko jɛnkuluw						wt
1527665648011	Réunion de service	yq	Waajuliko lajɛn						wt
1527665648012	Comité de service	yq	Waajuliko ɲɛnabɔbagaw jɛnkulu						wt
1527665648013	Temps critiques sont là	yq	Wagati gwɛlɛnw sera an kun						wt
1527665648014	Temps imparti	yq	Wagati latigɛlen						wt
1527665648015	Un autre moment de la journée	yq	Wagati wɛrɛ la tile kɔnɔ						wt
1527665648016	Prêcher	yq	Wajuli kɛ		Waju				wt
1527665648017	Territoire (prédication)	yq	Wajulikɛ yɔrɔ						wt
1527665648018	Fait (de prédication)	yq	Wale						wt
1527665648021	Enseignant capable	yq	Weleweledala kolonbaga		Weleweledala setigi				wt
1527665648023	Proclamateur moins expérimenté	yq	Weleweledala kura						wt
1527665648025	Cette méthode est elle toujours utile ?	yq	Yala o kɛcogo be sanga la hali bi wa ?						wt
1527665648026	Conversion	yq	Yɛlɛmani						wt
1527665648027	Sacrifier (se)	yq	Yɛrɛ saraka (réfléchi)						wt
1527665648028	Offrande de soi	yq	Yɛrɛkundili						wt
1527665648030	Esprit d'indépendance	yq	Yɛrɛta hakili						wt
1527665648033	Psalmiste	yq	Zaburu sɛbɛbaga						wt
1527665648035	Ancien numéro	yq	Zurunali koroman						wt
1527665648036	Journée de périodiques	yq	Zurunaliw dilon						wt
1527665648037	Tournée de périodiques	yq	Zurunaliw disira						wt
1527665648038	Diffusion des périodiques	yq	Zurunaliw jɛnsɛnni						wt
1528499809450	Titre		Kalankun			Évangélisation/ Ministère		Foi/ Spiritualité	
1528499809451	Soyons des auditeurs et des pratiquants de la Parole de Dieu	wt	Aw Kana Kɛ Tulogwerenw Ye Fewu	9					dp
1528499809452	Soyons honnêtes en paroles et en actions	wt	An Ka Koow Kɛ Ni Hɔɔrɔnya Ye Tuma Bɛɛ	10					dp
1528499809453	Faisons de Jéhovah notre confiance	wt	An K’An Jigi La Jehova Kan	70					dp
1528499809454	Comment rester spirituellement éveillé	wt	An Be Se Ka To Ɲɛɛ Na Cogo Di Alako Ta Fan Fɛ?	71					dp
1528499809455	L'amour : marque distinctive de la vraie congregation chretienne	wt	Kanuya: Kerecɛn Sɔbɛw Ka Kafo Be Lɔn O Lo Fɛ	72					dp
1528499809456	Qui est qualifié pour être ministre de Dieu ?	wt	Jɔn Lo Ka Koow Dafara Ka Kɛ Ala Ka Ciden Ye?	81					dp marked
1528499809457	Jéhovah et Jésus Christ font-ils partie d'une trinité ?	wt	Yala Jehova Ni Krista Ye Ala Tigiya Saba Faan Dw Ye Wa?	82					dp
1528499809458	L'heure du jugement de la religion est arrivée	wt	Diinan Kiti Wagati Sera	83					dp
1528499809459	Partagerons-nous le sort du monde ?	wt	Koo Min Bena Dunia Nin Sr, Yala Aw Bena Kisi O Ma Wa?	84					dp
1528499809460	Une bonne nouvelle dans un monde de violence	wt	Kibaro Duman, Dunia Fariman Kan	85					dp
1528499809461	Des prieres que Dieu entend	wt	Ala Be Delili Minw Lamɛn	86					dp
1528499809462	Quelles relations entretenons-nous avec Dieu ?	wt	Jɛnɲɔgɔnya Juman Be Aw Ni Ala Cɛ?	87					dp
1528499809463	Pourquoi vivre en accord avec les principes de la Bible ?	wt	Mun Na An Ka Ɲi Ka Ɲɛnamaya Kɛ Ka Kɛɲɛ Ni Bibulu Ka Sariyaw Ye?	88					dp
1528499809464	Venez, vous qui avez soif de vérité	wt	Tiɲɛn Minnɔgɔ Be Aw Minw Na, A’ Ye Na!	89					dp
1528499809465	Aspirons a la vie veritable !	wt	An Ka Ɲɛnamaya Sɔbɛ Ɲini!	90					dp
1528499809466	Pourquoi avoir confiance en la Bible	wt	Fɛɛn Min Kama An Be Se K’An Jigi La Bibulu Kan	99					dp
1528499809467	L'amitié véritable avec Dieu et avec le prochain	wt	Teriya Sɔbɛ An Ni Ala Cɛ, Ani An Ni An Mɔgɔɲɔgɔn Cɛ	100					dp
1528499809468	Jéhovah : le Grand Créateur	wt	Jehova: Danbagaba	101					dp
1528499809469	Prestons attention a la parole prophetique	wt	An K’An Janto Kiraya Kuma Na	102					dp
1528499809470	On peut trouver la joie en servant Dieu	wt	Aw Be Se Ka Ɲagali Sɔrɔ Ala Ka Baara La	103					dp
1528499809471	Parents, bâtissez-vous avec des matériaux à l'épreuve du feu ?	wt	Bangebagaw, Yala Aw Be Lɔli Kɛ Ni Minanw Ye Tasuma Tɛ Se Ka Minw Jeni Wa?	104					dp
1528499809472	Trouvons la consolation dans toutes nos tribulations	wt	An Ka Dususaalo Sɔrɔ An Ka Tɔɔrɔw Bɛɛ La	105					dp
1528499809473	Ceux qui ruinent la terre subiront le châtiment de Dieu	wt	Ala Bena Dugukolo Tiɲɛbagaw Halaki	106					dp
1528499809474	Ayons une bonne conscience dans un monde dominé par le péché	wt	An Ka Kɛ Ni Dusukun Ɲuman Ye Duniɲa Jurumutɔ Kɔnɔ	107					dp
1528499809475	Ne craignons pas l'avenir	wt	An Kana Siran Sini Koow Ɲɛ	108					dp
1528499809476	Le Royaume de Dieu est proche	wt	Ala Ka Masaya Surunyana	109					dp
1528499809477	Une vie de famille heureuse : en accordant la première place a Dieu	wt	Gwa Hɛɛrɛman: Ni Ala Ka Koow Be Bila Koow Bɛɛ Ɲɛ	110					dp
1528499809478	La guérison des nations et ses effets	wt	Siyaw Ka Kɛnɛyali Ani A Nɔfɛ Koow	111					dp
1528499809479	Comment faire preuve d'amour dans un monde d'illégalité	wt	Kanuyayiracogo Duniɲa Kɔnɔ Min Be Sariya Tiɲɛ	112					dp
1528499809480	Comment les jeunes peuvent-ils affronter le monde en crise ?	wt	Denmisɛnw Be Se Ka See Sɔrɔ Bi Gwɛlɛya Kan Cogo Di?	113					dp
1528499809481	Apprécions les merveilles de la création de Dieu	wt	Ala Ka Danfɛn Cɛɲumanbaw Koo Ka Diya An Ye	114					dp
1528499809482	Comment se protéger des pièges de Satan	wt	An Yɛrɛ Tanga Cogo Sitanɛ Ka Jaanw Ma	115					dp
1528499809483	Faisons preuve de sagesse dans le choix de nos fréquentations	wt	An Ka Hakili Sɔrɔ Tagamaɲɔgɔnw Sugandili La	116					dp
1528499809484	Comment vaincre le mal par le bien	wt	An Be Se Ka See Sɔrɔ Juguya Kan Koo Ɲuman Fɛ Cogo Min Na	117					dp
1528499809485	Ayons la pensée de Jéhovah sur les jeunes	wt	An Ka Kɛ Ni Jehova Ka Miiriyaye Denmisɛnw Koo La	118					dp
1528499809486	Les chrétiens se tiennent séparés du monde : Pourquoi est-ce bénéfique ?	wt	Kerecɛnw B’U Yɛrɛw Faran Ka Bɔ Duniɲa Ka Koow La: Mun Nafa B’A La?	119					dp
1528499809487	Pourquoi se soumettre dès maintenant à la domination de Dieu	wt	Mun Na An Ka Ɲi Ka Kolo Ala Ka Kuntigiya Ye Kabini Sisan	120					dp
1528499809488	Une communauté mondiale de frères sauvée du malheur	wt	Duniɲa Kuru Bɛɛ Kɔnɔ Balimaya Jɛnkulu Min Kisira Ka Bɔ Bɔnɛ La	121					dp
1528499809489	La paix universelle : d'ou viendra-t-elle ?	wt	Hɛɛrɛ, Duniɲa Kuru Bɛɛ Kɔnɔ: O Bena Bɔ Min?	122					dp
1528499809490	Pourquoi les chretiens doivent être différents	wt	Mun Na Kerecɛnw Ka Kan Ka Kɛ Daan Na?	123					dp
1528499809491	Raisons de croire que Dieu est l'Auteur de la Bible	wt	Dalilu Minw B’A Yira Ko Ala Lo Ye Bibulu Tigi Ye	124					dp
1528499809492	Pourquoi l'humanite a-t-elle besoin d'une rançon ?	wt	Mun Na Hadamadenya Mako Be Kunmabɔsara La	125					dp
1528499809493	Qui sera sauvé ?	wt	Jɔn Lo Be Se Ka Kisi?	126					dp
1528499809494	Que se passe-t-il quand on meurt ?	wt	Mun Lo Be Kɛ N’An Sara?	127					dp
1528499809495	L'enfer est-il réellement un lieu de flammes et de tourments ?	wt	Yala Jahanama Ye Tasuma Ni Tɔɔrɔ Yɔrɔ Ye Tiɲɛn Na Wa?	128					dp
1528499809496	La Bible enseigne-t-elle la Trinite ?	wt	Yala Bibulu Be Kalan Kɛ Ko Ala Ye Tigiya Saba Ye Wa?	129					dp
1528499809497	La terre subsistera pour toujours	wt	Dugukolo Bena To Yen Fɔɔ Abada	130					dp
1528499809498	Le Diable existe-t-il vraiment ?	wt	Yala Sitanɛ Be Yen Tiɲɛn Na Wa?	131					dp
1528499809499	La victoire sur la mort grâce à la résurrection	wt	Suu Kununni: See Sɔrɔli Lo Saya Kan!	132					dp
1528499809500	Les chretiens doivent-ils observer le sabbat ?	wt	Yala Kerecɛnw Ka Kan Ka Lafiɲɛlon Labato Wa?	134					dp
1528499809501	Le caractère sacré de la vie et du sang	wt	Ɲɛnamaya Ni Joli Ka Senumanya	135					dp
1528499809502	Dieu approuve-t-il l'utilisation d'images dans le culte ?	wt	Yala Ala Be Sɔn An Ka Tɛmɛ Boliw Fɛ Ka Batoli Kɛ Wa?	136					dp
1528499809503	Les miracles de la Bible ont-ils vraiment eu lieu ?	wt	Bibulu Be Kabako Minw Kofɔ, Yala U Kɛra Tiɲɛn Na Wa?	137					dp
1528499809504	Vivons avec bon sens au sein d'un monde depravé	wt	An Ka Ɲɛnamaya Kɛ Ni Hakilisigi Ye Kakalaya Duniya Kɔnɔ	138					dp
1528499809505	La sagesse divine dans un monde épris de science	wt	Ala Ka Hakilitigiya Duniɲa Kɔnɔ, Lɔnnikow Ye Min Kuun Minɛ	139					dp
1528499809506	Jesus Christ : le nouveau Chef de la terre	wt	Yezu Krista Ye Jɔn Lo Ye Tigitigi?	140					dp
1528499809507	L'humanité gémit : jusqu'à quand ?	wt	Hadamadenya Be ¿Unanna: O ¿Unan Bena Ban Tuma Juman?	141					dp
1528499809508	Pourquoi se réfugier en Jéhovah	wt	Mun Na An Ka Ɲi Ka Jehova Kɛ An Ka Kalifayɔrɔ Ye?	142					dp
1528499809509	Ayez confiance dans le Dieu de toute consolation	wt	An K’An Jigi La Dusu Saaloli Bɛɛ Tigi Ala Kan	143					dp
1528499809510	Une congrégation fidèle sous la direction de Christ	wt	Kafo Kantigiman, Min Be Kirista Ka Kuntigiya Jukɔrɔ	144					dp
1528499809511	Qui est comme Jéhovah notre Dieu ?	wt	Jɔn Be I Ko Jehova, An Ka Ala?	145					dp
1528499809512	Utilisons l'instruction pour louer Jéhovah	wt	An Ka Baara Kɛ Ni Kalan Ye Walisa Ka Jehova Tando	146					dp
1528499809513	Ayons confiance dans la force salvatrice de Jéhovah	wt	An K’An Jigi La Jehova Ka Kisili Fanga Kan	147					dp
1528499809514	Avez-vous la pensée de Dieu sur la vie ?	wt	Yala Aw Be Niin Jati I Ko Ala B’A Jati Cogo Min Na Wa?	148					dp
1528499809515	Marchez-vous avec Dieu ?	wt	Yala Aw Be Tagamana Ni Ala Ye Wa?	149					dp
1528499809516	Voyez-vous en Dieu une personne réelle ?	wt	Yala Ala Ye Tiɲɛn Ye Aw Ɲɛɛ Na Wa?	150					dp
1528499809517	Jéhovah est « une hauteur sûre » pour son peuple	wt	Jehova Ye A Ka Mɔgɔw ‘Marabaga’ Ye	151					dp
1528499809518	La bataille d'Harmaguédon : pourquoi et quand ?	wt	Harmagedɔn Kɛlɛ: Mun Na, Ani Tuma Juman?	152					dp
1528499809519	Gardez constamment a l'esprit le « jour redoutable »	wt	A’ Ye Jatigɛlon To Aw Hakili La Tuma Bɛɛ!	153					dp
1528499809520	La domination humaine : l'heure du bilan	wt	Hadamadenw Ka Kuntigiya Kɛcogo: A Jateminɛ	154					dp
1528499809521	L'heure du jugement de Babylone est-elle arrivée ?	wt	Yala Babylɔnɛ Kiti Wagati Sera Wa?	155					dp
1528499809522	Le jour du jugement : un jour de terreur ou desespoir ?	wt	Kiti Loon: Jatigɛ Loon Lo Wala Jigiya Loon Lo?	156					dp
1528499809523	Les vrais chrétiens parent 'enseignement divin	wt	Kerecɛn Lakikaw Be Ala Ka Kalan Cɛɲumanya Yira Cogo Min Na	157					dp
1528499809524	Soyez courageux et mettez votre confiance en Jéhovah	wt	A’ Ye Aw Jagwlɛya Ka Aw Jigi La Jehova Kan	158					dp
1528499809525	Comment trouver la securite dans un monde dangereux	wt	Cogo Juman Na An Lakanalen Be Se Ka Sigi Duniɲa Fariman Kɔnɔ?	159					dp
1528499809526	Préservez votre identité chrétienne !	wt	An K’An Ka Kerecɛnya Jogo Tanga!	160					dp
1528499809527	Pourquoi Jésus a-t-il souffert ? Pourquoi est-il mort ?	wt	Mun Na Yesu Tɔɔrɔla Ka Sa?	161					dp
1528499809528	Délivrés d’un monde de ténèbres	wt	An Kunmabɔra Duniɲa Dibiman Bolo	162					dp
1528499809529	Pourquoi craindre le vrai Dieu ?	wt	Mun Na An Ka Ɲi Ka Siran Tiɲɛn Ala Ɲɛ?	163					dp
1528499809530	Dieu est-il toujours le Souverain de la terre ?	wt	Yala Ala Ye Dugukolo Kuntigi Ye Hali Bi Wa?	164					dp
1528499809531	Affrontons l'avenir avec foi et courage	wt	An Ka Siniɲasigi Kunbɛn Ni Limaniya Ni Jagwɛlɛyaye	166					dp
1528499809532	Agissons sagement dans un monde insensé	wt	An Ka Koow Kɛ Ni Hakilitigiyaye Nin Duniɲa Hakilintan Kɔnɔ	167					dp
1528499809533	En sécurité dans un monde agité	wt	Aw Lakanalen Be Se Ka Sigi Duniɲa Ɲagaminen Nin Kɔnɔ!	168					dp
1528499809534	Pourquoi se laisser guider par la Bible ?	wt	Mun Na An Ka Ɲi K’A To Bibulu B’An Ɲɛminɛ?	169					dp
1528499809535	Qui est qualifié pour diriger l'humanité ?	wt	See Be Jɔn Lo Ye Ka Hadamadenw Mara?	170					dp
1528499809536	Vivez dans la paix des a present et pour l'éternité !	wt	Aw Be Se Ka Ɲɛnamaya Kɛ Hɛɛrɛ La Sisan, Ani Fɔɔ Abada!	171					dp
1528499809537	Quelle réputation avez-vous aupres de Dieu ?	wt	Aw Ka Lɔyɔrɔ Ye Juman Ye Ala Ɲɛɛ Kɔrɔ?	172					dp
1528499809538	Dieu approuve-t-il une religion en particulier ?	wt	Yala Ala Be Sɔn Diinanw Bɛɛ La Wa?	173					dp
1528499809539	Le monde nouveau promis par Dieu : qui y sera admis ?	wt	Ala Ka Duniɲa Kura: Jɔn Lo Bena Don Yen?	174					dp
1528499809540	La Bible : un livre digne de foi	wt	Mun Lo B’A Yira Ko Bibulu Ye Kitabu Lakika Ye?	175					dp
1528499809541	La paix et la sécurité véritables : quand ?	wt	Hɛɛrɛ Ni Lafiya Sɔbɛ: O Bena Sɔrɔ Tuma Juman?	176					dp
1528499809542	Ou trouver de l'aide dans les temps de détresse ?	wt	I Be Se Ka Dm Sr Min Tr Wagati La?	177					dp
1528499809543	Marchez dans la voie de l'intégrité	wt	An Ka Kantigiya Sira Tagama	178					dp
1528499809544	Rejetez les illusions du monde; poursuivez les réalités du Royaume	wt	An Ka Ban Duniɲa Ka Lafililikow Ma Ani An Ka Tugu Masaya Ka Tiɲɛnkow Kɔ	179					dp
1528499809545	Pourquoi croire en la résurrection ?	wt	Sukununi: Mun Na O Ka Kan Ka Kɛ Jigiya Sɔbɛ Ye Aw Fɛ?	180					dp
1528499809546	Est-il plus tard que vous ne le pensez ?	wt	Kɔni Duniɲa Laban Wagati Tɛna Bari Aw La Dɛ?	181					dp
1528499809547	Ce que le Royaume de Dieu fait pour nous dès maintenant	wt	Ala Ka Masaya Be Min Ɲɛna An Ye Kabini Sisan Yɛrɛ	182					dp
1528499809548	Détournons les yeux de ce qui ne vaut rien !	wt	A’ Ye Aw Ɲɛɛw Bɔ Fɛɛn Fufafuw Kan!	183					dp
1528499809549	La mort est-elle la fin de tout ?	wt	Yala Saya Ye Koo Bɛɛ Banni Lo Ye Wa?	184					dp
1528499809550	La verite influence-t-elle votre vie ?	wt	Tiɲɛn Be Nɔɔ Juman To Aw Kan?	185					dp
1528499809551	Unissez-vous au peuple heureux de Dieu	wt	A’ Ye Jɛn Ni Ala Ka Jama Ye O Min Be Hɛɛrɛ La	186					dp
1528499809552	Pourquoi un Dieu d'amour permet-il la méchanceté ?	wt	Mun Na Kanutigi Ala B’A To Tɔɔrɔw Be Kɛ?	187					dp
1528499809553	Placez-vous votre confiance en Jéhovah ?	wt	Yala Aw Jigi Lanin Be Jehova Lo Kan Wa?	188					dp
1528499809554	Marcher avec Dieu procure des bienfaits, maintenant et pour toujours	wt	Minw Be Tagama Ni Ala Ye, U Be Duga Sɔrɔ A La Sisan Yɛrɛ Ani Fɔɔ Abada	189					dp
1528499809555	La promesse d'un bonheur familial parfait	wt	Layidu: Hɛɛrɛ Dafanin Koo La Denbaya Kɔnɔ	190					dp
1528499809556	Comment l'amour et la foi peuvent vaincre le monde	wt	Kanuya Ni Limaniya B’An Dɛmɛ Ka See Sɔrɔ Duniɲa Kan Cogo Di?	191					dp
1528499809557	Marchez-vous sur la route qui mène à la vie éternelle ?	wt	Yala I Be Ɲɛnamaya Banbali Sira Kan Wa?	192					dp
1528499809558	Delivrés de la detresse	wt	Kisili, Duniɲa Ka Tɔɔrɔba Wagati La	193					dp
1528499809559	Montrons Notre Reconnaissance Pour Ce Que Christ A Fait Pour Nous	wt	Krista Ye Min Kɛ Aw Ye, Aw K’A Waleɲuman Lɔn O Kɔsɔn!	S-31					dp
1528677420981	Genèse		Damina	CIV	Zɛnɛzi	BFA	Jenɛse	MLI	bible
1528677420982	Exode		Bɔri	CIV	Ɛkizɔdo	BFA	Ekisode	MLI	bible
1528677420983	Lévitique		Sarakalasebagaw	CIV	Levitiki	BFA	Levitike	MLI	bible
1528677420984	Nombres		Jateri	CIV	Nɔmburw	BFA	Nɔnburuw	MLI	bible
1528677420985	Deutéronome		Sariya	CIV	Deteronɔmu	BFA	Dutɛrɔnɔmɛ	MLI	bible
1528677420986	Josué		Yosuwe	CIV	Zozuwe	BFA	Josue	MLI	bible
1528677420987	Juges		Kitigɛbagaw	CIV		BFA	Kiritigɛlaw	MLI	bible
1528677420988	Ruth		Ruti	CIV	Uruti	BFA	Ruti	MLI	bible
1528677420989	1 Samuel		Samawilu fɔlɔ	CIV	Samuyɛli fɔlɔ	BFA	1 Samuɛl	MLI	bible
1528677420990	2 Samuel		Samawilu filanan	CIV	Samuyɛli filanan	BFA	2 Samuɛl	MLI	bible
1528677420991	1 Rois		Masacɛw fɔlɔ	CIV	Masacɛw fɔlɔ	BFA	1 Masakɛw	MLI	bible
1528677420992	2 Rois		Masacɛw filanan	CIV	Masacɛw filanan	BFA	2 Masakɛw	MLI	bible
1528677420993	1 Chroniques		Kibaroyaw fɔlɔ	CIV	Kibaru fɔlɔ	BFA	1 Tilew Kibaru	MLI	bible
1528677420994	2 Chroniques		Kibaroyaw filanan	CIV	Kibaru filanan	BFA	2 Tilew Kibaru	MLI	bible
1528677420995	Ezra		Ɛsidarasi	CIV	Ɛsidirasi	BFA	Esdrasi	MLI	bible
1528677420996	Nehémia		Nehemi	CIV	Neemi	BFA	Nehemi	MLI	bible
1528677420997	Esther		Ɛsitɛri	CIV	Ɛsitɛri	BFA	Esiteri	MLI	bible
1528677420998	Job		Ayuba	CIV	Zɔbu	BFA	Job	MLI	bible
1528677420999	Psaumes		Zaburu	CIV	Dɔnkiliw	BFA	Zaburuw	MLI	bible
1528677421000	Proverbes		Zanaw	CIV	Talenw	BFA	Ntalenw	MLI	bible
1528677421001	Ecclésiaste		Waajurikɛbaga	CIV	Waajulikɛla	BFA	Waajulikɛla	MLI	bible
1528677421002	Chant de Salomon (Cantiques)		Dɔnkiriw	CIV	Dɔnkili Dimanw	BFA	Solomani ka dɔnkili	MLI	bible
1528677421003	Isaïe		Ezayi	CIV	Ezayi	BFA	Esayi	MLI	bible
1528677421004	Jérémie		Yeremi	CIV	Zeremi	BFA	Jeremi	MLI	bible
1528677421005	Lamentations		Kasikan	CIV	Dusukasidɔnkili	BFA	Jeremi ka maɲumatɔkan	MLI	bible
1528677421006	Ézékiel		Ezekiyɛli	CIV	Ezekiyɛli	BFA	Ezekiɛl	MLI	bible
1528677421007	Daniel		Daniɛli	CIV	Daniyɛli	BFA	Daniɛl	MLI	bible
1528677421008	Hoshéa		Oze	CIV	Oze	BFA	Ose	MLI	bible
1528677421009	Yoël		Yowɛli	CIV	Zowɛli	BFA	Joɛl	MLI	bible
1528677421010	Amos		Amɔsi	CIV	Amɔsi	BFA	Amos	MLI	bible
1528677421011	Obadia		Abidiyasi	CIV	Abudiyasi	BFA	Abdiyasi	MLI	bible
1528677421012	Yona		Yunusu	CIV	Zonasi	BFA	Jonasi	MLI	bible
1528677421013	Mika		Mise	CIV	Mise	BFA	Mise	MLI	bible
1528677421014	Nahoum		Nahɔmu	CIV	Nawumu	BFA	Nahum	MLI	bible
1528677421015	Habaqouq		Habakuki	CIV	Abakuki	BFA	Habakuk	MLI	bible
1528677421016	Tsephania		Sofoni	CIV	Sofoni	BFA	Sofoni	MLI	bible
1528677421017	Haggaï		Hagize	CIV	Aze	BFA	Agize	MLI	bible
1528677421018	Zekaria		Jakariya	CIV	Zakari	BFA	Zakari	MLI	bible
1528677421019	Malaki		Malaki	CIV	Malasi	BFA	Malaki	MLI	bible
1528677421020	Matthieu		Matiyo	CIV	Matiyo	BFA	Matiyu	MLI	bible
1528677421021	Marc		Mariki	CIV	Mariki	BFA	Marka	MLI	bible
1528677421022	Luc		Luka	CIV	Luka	BFA	Luka	MLI	bible
1528677421023	Jean		Zan	CIV	Zan	BFA	Yuhana	MLI	bible
1528677421024	Actes		Kɛwaliw	CIV	Kɛwaliw	BFA	Kɛwalew	MLI	bible
1528677421025	Romains		Ɔrɔmukaw	CIV	Ɔrɔmukaw	BFA	Romɛkaw	MLI	bible
1528677421026	1 Corinthiens		Korɛntikaw fɔlɔ	CIV	Korɛntikaw fɔlɔ	BFA	1 Kɔrɛntekaw	MLI	bible
1528677421027	2 Corinthiens		Korɛntikaw filanan	CIV	Korɛntikaw filanan	BFA	2 Kɔrɛntekaw	MLI	bible
1528677421028	Galates		Galatikaw	CIV	Galatikaw	BFA	Galasikaw	MLI	bible
1528677421029	Éphésiens		Efɛzikaw	CIV	Efɛzikaw	BFA	Efesekaw	MLI	bible
1528677421030	Philippiens		Filipikaw	CIV	Filipikaw	BFA	Filipekaw	MLI	bible
1528677421031	Colossiens		Kɔlɔsikaw	CIV	Kɔlɔsikaw	BFA	Kolosekaw	MLI	bible
1528677421032	1 Thessaloniciens		Tesalonikaw fɔlɔ	CIV	Tesalonikaw fɔlɔ	BFA	1 Tesalonikekaw	MLI	bible
1528677421033	2 Thessaloniciens		Tesalonikaw filanan	CIV	Tesalonikaw filanan	BFA	2 Tesalonikekaw	MLI	bible
1528677421034	1 Timothée		Timote fɔlɔ	CIV	Timote fɔlɔ	BFA	1 Timote	MLI	bible
1528677421035	2 Timothée		Timote filanan	CIV	Timote filanan	BFA	2 Timote	MLI	bible
1528677421036	Tite		Titi	CIV	Titi	BFA	Tite	MLI	bible
1528677421037	Philémon		Filemɔn	CIV	Filemɔn	BFA	Filemon	MLI	bible
1528677421038	Hébreux		Eburuw	CIV	Eburuw	BFA	Heburuw	MLI	bible
1528677421039	Jacques		Zaki	CIV	Zaki	BFA	Yakuba	MLI	bible
1528677421040	1 Pierre		Piyɛri fɔlɔ	CIV	Piyɛri fɔlɔ	BFA	1 Piɛrɛ	MLI	bible
1528677421041	2 Pierre		Piyɛri filanan	CIV	Piyɛri filanan	BFA	2 Piɛrɛ	MLI	bible
1528677421042	1 Jean		Zan fɔlɔ	CIV	Zan fɔlɔ	BFA	1 Yuhana	MLI	bible
1528677421043	2 Jean		Zan filanan	CIV	Zan filanan	BFA	2 Yuhana	MLI	bible
1528677421044	3 Jean		Zan sabanan	CIV	Zan sabanan	BFA	3 Yuhana	MLI	bible
1528677421045	Jude		Zude	CIV	Zude	BFA	Jude	MLI	bible
1528677421046	Révélation		Yirali	CIV	Yirali	BFA	Jirali	MLI	bible
-15518782417	École de guiléad	bk	Gilead lakɔli						wt
-15518899097	École pour évangélisateurs du royaume	bk	Masaya waajulikɛlaw ka lakoli						wt
-15522069116	Char de jehovah	bk	Jehova ka wotoro						wt
-16124033849	Comité de filiale	bk	Tɔnbolo ka kɔmité						wt
-16124121736	Instructions		Cikanw						wt
-16527240875	Sorte	yq	Sifa		Sifa				wt
-18714818564	Proclamateur	bk	Weleweledala		Wajulikɛla				wt
-18949454284	Présentation	bk	Yiracogo						wt
-18949479733	Culte	bk	Batoli						wt
-18949490395	Serviteurs	bk	Batobagaw						wt
19411554786	Sacrifice rédempteur	bk	Kunmabɔ  saraka						wt
19411687406	Juru sara	bk	Propitiation						wt
19411739780	Kisi	bk	Sauver						wt
19411781712	Sauver du péché et la mort	bk	Ka kisi jurumu ni saya bolo						wt
20017511166	Mémorial de la mort de christ	bk	Krista ka saya hakilijigi lajɛn						wt
20017576005	La paque juive	bk	Yahutuw ka tɛmɛnkan seli						wt
20017637158	Rompre le pain	bk	Ka buru kari kari						wt
20017677956	Chair	bk	Farisogo						wt
20017719262	Vin	bk	Duvɛn						wt
20017782740	Valider	bk	Sɛmɛtiya						wt
20017822377	Levure	bk	Funufen						wt
-201373188	Alliance	bk	Tɔnsigi						wt
2217883563	Païen	bk	Kafiri						wt
2477044405	Puissant	bk	Sebagaya						wt
2477221638	Explication		Sɛgɛsɛgɛli						marked wt
25806141398	Encadré	bk	Koorilen						wt
-26811574427	Lois principes	bk	Cifɔni						wt
-27013963802	Prêtre	bk	Sarakalasebaga						wt
-27410134907	Que jehovah te bénisse	bk	Jéhovah ye i ɲuman don						wt
27783419414	Fondé sur les Écritures		A basiginen be Bibulu kan						wt
27783419415	Il chérissait son fils		A dencɛ ko tun ka di a ye hali						wt
27783419416	Se sentir heureux		A dusu diyara						wt
27783419417	Se sentir satisfait		A dusu wasara						wt
27783419418	Ses manières d'agir		A ka koow kɛcɔgɔw						wt
27783419419	Il parle exclusivement de		A kɔnɔnakow bɛɛ be kuma						wt
27783419420	Il était disposé		A labɛnnen tun lo ka ..						wt
27783419421	Il croit en …	yq	A lanen be .. na						wt
27783419422	Il croyait en …	yq	A lanen tun be…na						wt
27783419423	Il n'est pas intéressé.		A m'a mako don.						wt
27783419424	Il nous a oublié		A ɲinɛna an kɔ						wt
27783419425	Écrit à l'envers		A sɛbɛra ka yɛlɛma ɲɛjugu kan						wt
27783419426	Elle m'est allée droit au cœur.		A sinna ka ne dusu minɛ.						wt
27783419427	Il ne cherche pas ses propres intérêts		A t'a yɛrɛ nafa ɲini						wt
27783419428	Il ne les lisait jamais		A tun m'u kalan ka ye						wt
27783419429	Veuillez l'utiliser largement		A' ye baara kɛ n'a ye caaman						wt
27783419430	Abonnement		Abɔneman						wt
27783419431	Compagnon de travail de Dieu		Ala ka baarakɛnyogon						wt
27783419434	Fidèle intendant de la faveur imméritée de Dieu		Ala ka nɛɛma nilifɛn marabaga dannamɔgɔw						wt
27783419435	Obéissance à Dieu		Ala kanminɛli						wt
27783419436	Impie		Ala lɔnbali						wt
27783419437	Pécheurs impies		Ala ɲɛsiranbali jurumutɔw						wt
27783419438	Trinité		Ala sabaya						wt
27783419439	Volonté de Dieu		Ala sagoya						wt
27783419440	Pensée spirituelle		Alako miiriya						wt
27783419441	Trésor spirituel		Alako nafolo						wt
27783419442	Moisson spirituelle		Alako sumatigɛ						wt
27783419443	Croyant		Alalɔnbaga						wt
27783419444	Elle l'adopta comme son fils		Ale y'a kɛ a yɛrɛ dencɛ ye						wt
27783419446	Scène du paradis		Alijɛnɛ bisigi						wt
27783419447	Soyons déterminés à écouter		An k'an cɛsiri k'a lamɛn						wt
27783419448	Conjuguons nos efforts		An ka jɛn k'an jija ka …						wt
27783419449	Séparons-nous		An ka mabɔ ɲɔgɔnna						wt
27783419450	Soyons souples		An ka magaya						wt
27783419451	Continuons d'attendre Jéhovah		An ka to ka Jehova makɔnɔ						wt
27783419452	Parcourons entièrement le territoire		An ka waajuli kɛ  kiin kɔnɔ k'a dafa						wt
27783419453	N'en concluez pas trop rapidement		An kana koroto k'a miiri ko						wt
27783419454	Notre glorieux Père céleste		An sankolola Faa cyɛnyumanba						wt
27783419455	Abordable		An te sigasiga ka kuma a fɛ		A labilanin lo mɔgɔw kama (être abordable)				wt
27783419456	En ses propres termes		An yɛrɛ ka kumacogo la						wt
27783419457	Ne vous en remettez pas au hasard		Aw kana miiri ko koow bena kɛ u yɛrɛ ye						wt
27783419458	Récompense merveilleuse		Barajiba						wt
27783419459	Force fournie		Barika dilen						wt
27783419460	Evènement imprévus		Barinankow						wt
27783419461	Entrée en matière		Baro dadon kuma						wt
27783419462	Bonne discussion		Baro diiman						wt
27783419463	Thème / Article / Titre		Barokun		Kalankun				wt
27783419464	Idoles sans vie		Batofɛnw ɲɛnaman tɛ						wt
27783419465	Traduction		Bayɛlɛmani						wt
27783419466	Maltraitence des animaux		Bɛgɛnw nintoro						wt
27783419467	Règlement des différents		Bɛnbaliyaw ɲɛnabɔko						wt
27783419468	À notre époque		Bi tilew la						wt
27783419469	Compréhension actuelle de la Bible		Bibulu faamuyacogo kura						wt
27783419470	Stocker		Bila		Bilanin				wt
27783419471	Image (sens figuré)/Représentation		Bisigi						wt
27783419472	Idôlatrie		Boli batoli						wt
27783419473	Don matériel		Bololafen nili						wt
27783419474	Matériel (sur le plan)		Bololafɛn						wt
27783419475	Aide matérielle		Bololafɛn dili						wt
27783419476	Montants des portes		Bonda yiri						wt
27783419477	Généalogie / Origine		Buruju						wt
27783419479	Pédophilie		Cɛnimusoya kɛ ni denfitiniw ye						wt
27783419480	Homosexualité		Cɛɲɔgɔnɲini ni musoɲɔgɔnɲini koo						wt
27783419481	Intertitre / Sous-titre		Cɛtigɛ						wt
27783419483	Message		Cira						wt
27783419484	Message capital		Cira kɔrɔtalen						wt
27783419485	Faux prophète		Cira ngalontigɛla						wt
27783419486	Messager		Ciraden						wt
27783419487	De façon méthodique (ordonnée) / Logique		Cogo tilennen na						wt
27783419488	Frapper à une porte		Daa kɔkɔ						wt
27783419489	Démarrer (conversation)		Dabɔ						wt
27783419490	Inspirée de Dieu		Dafiɲɛ fɛ (Ala...)						wt
27783419491	Quelques paragraphes		Dakun damanin dɔw						wt
27783419492	Nombre de paragraphes		Dakun hakɛ						wt
27783419493	Renier		Dalacɛ						wt
27783419494	Reniement		Dalacɛli						wt
27783419495	Contemporain de David		Daouda ka wagati mɔgɔ		Daouda ka filankuru				wt
27783419496	Emblème		Dasiri						wt
27783419497	Surveillant Président		Diinan mɔgɔkɔrɔw ɲɛbila						wt
27783419498	Abîme		Dingɛ dunba						wt
27783419499	Volonté, Plaisir		Diyanako						wt
27783419500	Approbation		Diyanye						wt
27783419501	Cantique / Mélogie		Donkili						wt
27783419502	Recueil de cantiques		Donkili gafe						wt
27783419503	Réduire, Manquer de respect à		Dɔgɔ						wt
27783419504	Chanson, Chant, Musique		Dɔnkili						wt
27783419505	Bienfait		Duga		Sara		Nafa		wt
27783419506	Bénis		Dugaden		Dubaden				wt
27783419507	Chemise, Vêtement, Tunique		Duloki		Dereke		Fani		wt
27783419508	Humanité, Monde		Duniɲa		Diɲɛ				wt
27783419509	Domination oppresive	yq			Fanga marali		Ka marali kɛ ni fanga ye		wt
27783419510	Pharaon		Faharuna						wt
27783419511	Force irrésistible		Fanga barikama						wt
27783419512	Tenue		Fani doncogo		Fani				wt
27783419513	Méthode, moyen		Fɛɛrɛ						wt
27783419514	Faiblesse (défaut)		Finyɛ						wt
27783419515	Fête populaire		Foroba fɛtilon						wt
27783419516	Discours public / Réunion publique		Forobakalan						wt
27783419517	Manuel d'étude		Gafe kalanta						wt
27783419518	Présentation simple		Gafe yiracogo nɔgɔman						wt
27783419519	Écritures grecques chrétiennes		Gɛrɛkikan Sɛbɛninw						wt
27783419520	Esprit fixé sur le Royaume		Hakili be sigi Masaya koow kan						wt
27783419521	Famine spirituelle		Hakilimaya kongo						wt
27783419522	Pensée essentielle		Hakilinata jonjon						wt
27783419523	Fruit de l'esprit		Halkili senu deen						wt
27783419524	Écritures hébraïques		Heburukan Sɛbɛninw						wt
27783419526	Fixe toi un objectif personnel		I k'i togola lanyinita latigɛ						wt
27783419527	Restons proches de l'organisation de Jéhovah		I ka to Jehova ka jɛnkulu kɔrɔ						wt
27783419528	Assistance / Foule		Jama						wt
27783419529	Situation des comptes		Jateminɛw dantigɛli						wt
27783419530	Créations de Jéhovah		Jehova ka fɛɛn danenw						wt
27783419531	Brûler / Consumer		Jeni		Jɛni				wt
27783419532	Mauvaise compagnie		Jɛnɲɔgɔn jugu						wt
27783419533	Idôle		Joo		Boli		Batofɛn		wt
27783419534	Pire ennemi		Juguba						wt
27783419535	Se soucier		K'a janto		Jɔrɔ				marked wt
27783419536	Laisser la Parole de Dieu les pousser à l'action		K'a to Ala ka Kuma ka u lasun						wt
27783419537	Faire usage de sa raison		K'a yɛrɛ hakili jagabo						wt
27783419538	Compter sur Jéhovah		K'an bolo la Jehova kan						wt
27783419539	Fixer notre esprit sur des pensées constructives		K'an nyɛɛ jolen to koo nafamanw kan						wt
27783419540	Plein d'égards		K'i janto mɔgɔ la						wt
27783419541	Se vouer		K'i yɛrɛkun di						wt
27783419542	Nous observons leur environnement		K'u laminikow kɔrɔsi						wt
27783419543	Remercier Dieu		Ka barika la Ala ye		Ka Ala fo				wt
27783419544	Reporter le baptême à plus tard		Ka batɛmi bila wagati wɛrɛ kan		Ka batɛmi segi kɔ		Ka batɛmi bila ka suma		wt
27783419545	Prendre l'initiative		Ka bɔ i yɛrɛ la						wt
27783419546	Productif		Ka den koɲuman						wt
27783419547	Partager avec d'autres		Ka do bo aw bolo fɛnw la ka o di						wt
27783419548	Inculquer à vos enfants		Ka don aw deenw kuun na						wt
27783419549	S'exposer à un danger		Ka farati bila a sen kɔrɔ						wt
27783419550	Raisonner habilement à partir des Écritures		Ka hakilijagabɔ koɲuman Bibulusenw kan						wt
27783419551	S'intéresser sincèrement à autrui		Ka janto ɲɔgɔn na sɔbɛ la						wt
27783419552	Connaître Jéhovah et le servir		Ka Jehova lon ani ka baara kɛ a ye						wt
27783419553	Louer Jéhovah publiquement		Ka Jehova tando bɛɛ nyɛ na						wt
27783419554	Resserrer ses liens avec Jéhovah		Ka jɛnɲɔgɔya teriman yiriwa ile ni Ala cɛ						wt
27783419555	Lecture publique		Ka kalan gwɛ kɛ jama ɲɛ na						wt
27783419556	Parler au naturel		Ka kalan kɛ u yɛrɛ kuma cogo la						wt
27783419557	Savoir lire et écrire		Ka kalan ni sɛbɛri lon						wt
27783419558	Être irréprochable et innocent		Ka kɛ jalakibali jɛlenw ye						wt
27783419559	Regarder le côté positif de la situation		Ka koow jate ni nyɛɛ nyuman ye						wt
27783419560	Parler de façon positive		Ka kuma ɲuman fɔ						wt
27783419561	Répondre à une objection		Ka kuma tigɛbaga ka sɔsɔli jaabi						wt
27783419562	Se prosterner		Ka kunbiri gwan dɔ kɔrɔ						wt
27783419563	Prendre des dispositions précises		Ka labɛn kɛ ka gwɛ						wt
27783419564	Prendre rendez-vous		Ka labɛn kɛ ka segi ka na						wt
27783419565	Prendre la meilleure décision		Ka latigɛli fisaman kɛ						wt
27783419566	Tenir ferme contre le Diable et les démons		Ka lo ka nyɛ ka Sitanɛ ni jinaw kunbɛn						wt
27783419567	Accueillir les visiteurs		Ka lonanw bisimila						wt
27783419568	Fixer un jour		Ka loon kelen latigɛ						wt
27783419569	Nettoyer et entretenir la Salle du Royaume		Ka Masaya Boon saniya ani k'a ladon						wt
27783419570	Penser que les morts sont conscients		Ka miiri ko mɔgɔ salenw be koow kala ma						wt
27783419571	Réfléchir sérieusement à tout ce qu'il contient		Ka miiri kosɔbɛ a kɔnnakow bɛɛ kan						wt
27783419572	Inciter d'autres personnes		Ka mɔgɔ wɛrɛw lasun						wt
27783419573	Calomnier Jéhovah		Ka nafigiya kɛ Jehova la						wt
27783419574	Se repentir		Ka nimisa						wt
27783419575	Glorifier Dieu		Ka nɔɔrɔ la Ala kan						wt
27783419576	Pousser des cris de joie		Ka nyagalikan bo						wt
27783419577	Fixer notre attention		Ka ɲɛɛ jɔ						wt
27783419578	Chérir la vie		Ka ɲɛnamaya jati fɛnba ye						wt
27783419579	Vivre dans l'attachement à Dieu		Ka ɲɛnamaya kɛ k'an masirilen to Ala la						wt
27783419580	Simplifier sa vie		Ka ɲɛnamaya kɛ nɔgɔman na		An k'an ɲɛnamaya kɛ nɔgɔman na				wt
27783419581	Oublier Jéhovah		Ka ɲinɛ Jehova kɔ						wt
27783419582	Être réintégré		Ka segi ka na						wt
27783419583	Mettre en valeur		Ka sin k'a yira						wt
27783419584	Accentuation des mots clés		Ka sinsin yɔrɔ jɔnjɔnw kan						wt
27783419585	Mettre en évidence		Ka sinsin… kan		Yira ka gwɛ				wt
27783419586	S'appliquer à connaître la Parole de Dieu		Ka sɔbɛ don ka Ala ka Kuma kalan						wt
27783419587	Défendre la vérité		Ka tinyɛnko lafasa						wt
27783419588	Prendre position pour Jéhovah		Ka tugu Jehova kɔ						wt
27783419589	Résumer brièvement les textes longs		Ka vɛrise janw kofo ka surunya						wt
27783419590	Montrer sa reconnaissance		Ka walenyumanlon yira						wt
27783419591	Paganisme / Païenne		Kafiriya						wt
27783419592	Formulaire		Kafolisɛbɛ						wt
27783419593	Discours		Kalan						wt
27783419594	Leçon importante		Kalan nafaman						wt
27783419595	Exposé constructif		Kalan ɲuman						wt
27783419596	Disciple		Kalanden						wt
27783419597	Fidélité indéfectible		Kantigiya lamagabali						wt
27783419598	Les armées mirent le siège sur Jérusalem		Kɛlɛbolow ye daga sigi Jerusalem daa la						wt
27783419599	Juger		Kiri tigɛ ... kan						wt
27783419600	Juger avec justice		Kiri tigɛ cogo tilennin na						wt
27783419601	Jugement (lieu du)		Kiritigɛyɔrɔ						wt
27783419602	Croyance	yq	Lannako						wt
27783419603	Obéissance		Kololi						wt
27783419604	Activités saines		Koow kɛcogo saniman						wt
27783419605	Malgré l'opposition		Koroboli bɛɛ n'a ta						wt
27783419606	Mer Rouge		Kɔgɔji Wulen						wt
27783419607	Observateur		Kɔlɔsili kɛbaga						wt
27783419608	Directeur de festin		Kɔɲɔko kuntigi						wt
27783419609	Intronisation du Christ		Krista sigini masa sigilan kan						wt
27783419610	Fluidité de l'expression		Kuma ka nɔgɔya a daa						wt
27783419611	Modulation		Kumakan yɛlɛma-yɛlɛma						wt
27783419612	Lépreux		Kunatɔ						wt
27783419613	Idée annexe		Kunnafoni do						wt
27783419614	Génération		Kuru		Filankuru		Wagatikelenmɔgɔw		wt
27783419615	Sens (à la vie)		Kuun						wt
27783419616	Conducteur à la Tour de Garde		La Tour de Garde kalan ɲɛminɛbaga						wt
27783419617	Conseiller adjoint (EMT)		Ladili dibaga filanan		Ladili dibaga kankɔrɔsigi				wt
27783419618	Blâme		Lagosili						wt
27783419619	Ferme / Inébranlable		Lamagabali						wt
27783419620	Auditeur		Lamɛnnikɛla						wt
27783419621	Contexte		Laminiko						wt
27783419622	Maraige coutumier		Landa furu						wt
27783419623	Objectif		Lanyinita		Laɲinita				wt
27783419624	Priorité		Laɲinita fɔlɔ						wt
27783419625	Progresser (faire)		Lataga ɲɛ						wt
27783419626	Manque de foi		Limaniyabaliya						wt
27783419627	Lecture hebdomadaire de la bible		Logokun kono ka bibulu kalangwɛ						wt
27783419628	Pendant un jour entier		Loon kelen kuru bɛɛ						wt
27783419629	Centre d'intérêt		Makow						wt
27783419630	Salle du Royaume		Masaya boon						wt
27783419631	Bonne nouvelle du Royaume		Masaya kibaro duman						wt
27783419633	Idées indéniables		Miiriyaw, mɔgɔ te se k'u soso						wt
27783419634	Enduire		Mɔ						wt
27783419635	Modèle		Mɔdɛli						wt
27783419636	Offenser		Mɔgɔ gasi tiɲɛn		Baga mɔgɔ ma				wt
27783419637	Personnes sans instruction		Mɔgɔ gwansan kalanbaliw						wt
27783419638	Il dédaigna la comapgnie des méchants	yq	Mɔgɔ juguw ka jɛnɲɔgɔnya tun ka gwo a ye						wt
27783419639	Personne cultivée		mɔgɔ kalannen						wt
27783419640	Personne inexpérimentée		Mɔgɔ ko lɔnbali						wt
27783419641	Personne d'une origine différente		Mɔgɔ min bɔyɔrɔ tɛ kelen ye						wt
27783419642	Protecteur		mɔgɔ tangabaga						wt
27783419643	Oints (chrétiens)		Mɔnlenw						wt
27783419644	Supporter/endurer		Muɲuli						wt
27783419645	Quand c'est approprié		N'a bɛnnen be						wt
27783419646	Quand vous reviendrez		N'an segira ka na						wt
27783419647	Quand tu seras grand		N'i kɔrɔbayara						wt
27783419648	Matérialiste		Nafolo kanuya b'a la						wt
27783419649	Trésor inestimable		Nafolo nafamanba						wt
27783419650	Empêcher de progresser		Nagasi						wt
27783419651	Je ne m'intéresse pas aux Témoins de Jéhovah		Ne mako tɛ Jehova Seerew la						wt
27783419652	Privilège		Nɛɛma						wt
27783419653	Faux dieux		Ngalon alaw						wt
27783419654	Fausse religion		Ngalon diinan						wt
27783419655	Si les circonstances le permettent		Ni koow cogoya bɛnnen be						wt
27783419656	Presque tout le monde apprécie		Ni mɔgɔ kelen-kelen tɛ , a ka di bɛɛ ye ka						wt
27783419657	Si un autre est disponible		Ni mɔgɔ wɛrɛ labilanen lo						wt
27783419658	Au bord du Nil		Nili bada la						wt
27783419659	Parabole		Ntalen						wt
27783419660	Donner un proverbe		Ntalen la						wt
27783419661	Exemple remarquable		Nyɛyirali cɛnyumanba						wt
27783419662	Fixer du regard		Ɲɛɛ jɔlen to						wt
27783419663	Progrès sensibles (notables)		Ɲɛtaga bɛrɛ kɛ						wt
27783419664	Progrès (faire)		Ɲɛtaga kɛ						wt
27783419665	Volonté		Ŋaniya						wt
27783419666	Murmurer		Ŋunuŋunu		Dajukɔrɔ kuma fɔ				wt
27783419667	Murmure		Ŋunuŋunukan						wt
27783419668	Jamais vu chose semblable		O koɲɔgɔn tun ma deli ka ye abada						wt
27783419669	Elles ne sont pas autorisées à l'assemblée		O ma daga lajɛnba yɔrɔ la						wt
27783419670	Programme		Porogramu						wt
27783419671	Possibilité unique		Sababuba						wt
27783419672	Nuée		Sankaba						wt
27783419673	Père céleste plein d'amour		Sankolola Faa kanutigi						wt
27783419674	Récompenser		Sara						wt
27783419675	Principe élevé		Sariyakolo kɔrɔtalen						wt
27783419676	Tenue vestimentaire		Sawura						wt
27783419677	Saint / Sain / Pur		Senu		Senuman				wt
27783419678	Dépliant		Sɛbɛnin						wt
27783419679	Tract		Sɛbɛnin						wt
27783419680	Vérification		Sɛgɛsɛgɛri						wt
27783419681	Réservation des sièges		Sigiyɔrɔ marali						wt
27783419682	Sur les trottoirs		Siradaw la						wt
27783419683	Maintenant que tu as grandi		Sisan, komi i kɔrɔbayara						wt
27783419684	Accepter revue		Sɔn zurunali la		fɛn la				wt
27783419685	Objection / Dispute		Sɔsɔli		Kuma tigbaga				wt
27783419686	Approcher s' (temps)		Surunyalen						wt
27783419687	Métaphore		Tagamasinyɛ						wt
27783419688	Prendre plaisir		Timinandiya						wt
27783419689	Surélévation/Estrade		Tintin						wt
27783419690	Le seul vrai Dieu		Tiɲɛn Ala kelenpe						wt
27783419691	En avoir conscience ou non		U b'a kala ma wo, u t'a kala ma wo						wt
27783419692	Ils pensent qu'ils ne sont pas qualifiés pour		U b'a miiri ko see t'u ye ka						wt
27783419693	A leur insu		U ɲina ma						wt
27783419694	Les attaquer par surprise		U taga cun u kan						wt
27783419695	Nouvelle visite		Viziti kura						wt
27783419696	Il est indispensable		Waajibi lo						wt
27783419697	Autre nécessité		Waajibiko wɛrɛ						wt
27783419698	Graphique chronologique		Wagati jateminɛcogo jaa						wt
27783419699	Fait marquant		Waleba						wt
27783419700	Afin de se rétablir spirituellement		Walisa a ka segi ka fanga sɔrɔ Alako ta fan fɛ						wt
27783419701	Pour ajouter du poids à nos paroles		Walisa ka sinsin an ka kumaw kan						wt
27783419702	Feuille d'invitation		Weelesɛbɛ						wt
27783419703	Proclamer		Weleweleda						wt
27783419704	Proclamateur expérimenté		Weleweledala kolɔnbaga						wt
27783419705	Vous êtes-vous jamais demandé		Yala i delila k'i yɛrɛ ɲiniga ni…						wt
27783419706	Êtes-vous prêts à faire votre choix ?		Yala i labɛnnen be k'o latigɛ wa ?						wt
27783419707	Changer / Traduire		Yɛlɛma						wt
27783419708	Maîtrise de soi		Yɛrɛminɛli						wt
27783419709	Présence de Jésus		Yɛsu be yan wagati						wt
27783419710	Méthode souple		Yiracogo magaman		Yiracogo nogoman				wt
27783419711	Statue en bois		Yirimɔgɔnin						wt
27783419712	Accroissement		Yiriwali						wt
27783419713	District du Jourdain		Zurudɛn mara						wt
27783419714	Journal intéressant		Zurunali, a kalan ka di						wt
28367029046	Mamelon	alasane	Suun						
28367283754	casser	alasane	ci	vitre pneu	kare	bois poitrine disi		delete	
28367609785					
3218598874	Créer	bk	Dan						wt
3221065537	Souveraineté de dieu	bk	Ala ka masabaya						wt
3653464641	Boîte à offrande	bk	Nili buwati						wt
3656197437	Maitrise de soi	bk	Yɛrɛminɛli						wt
3656657915	Communications	bk	Kunnafoniw						wt
3656948736	De maison en maison	bk	Soo ni soo						wt
3661744119	Endurer	Boyd	Muɲu						wt
3670467518	Cheval	bk	Soo						wt
-3743945078	Homme orgeuilleux		Kuncɛba						bambara marked unbouake wt
3755525512	Imiter / Refléter		Ladegi		Ladegi		Ladege		marked verbe wt
3827656569	Entraîner		Degi						marked wt
3830892769	Tour de garde	bk	Kɔrɔsili sangaso						wt
3832771434	Espérer	yq	Jigi		Jigi (ex : n jigi b'a la)				marked verbe wt
3846098296	Résumé (raccourci)		Lasurunyanin						marked wt
403520813	Introduction	bk	Dadon kumaw						wt
-40927278615	Bible	bk	Bibulu						wt
-4123020142	Punir		Ɲangi						unbouake verbe wt
-44178618673	Lecture de la bible	bk	Bibulu kalangwɛ						wt
-4434272399	Révision	bk	Segikanni						wt
-4632780310	Waa kɛmɛ ni bi segi ni looru	bk	185 000						wt
4894740815	Messie	bk	Masiya						wt
4894757744	Royaume	bk	Masaya						wt
4896872164	Interlocuteur	bk	Lamɛnbaga		Lamɛnnikɛla				wt
-53017499366	Envoyé de dieu	bk	Ala ka ciden						wt
-53017833927	Commandement	bk	Cii						wt
-53017885414	Gloire	bk	Nɔɔrɔ						wt
-53018127491	Chapitre	bk	Sapitiri		Tilan		Tilanyɔrɔ		wt
-53018156709	Esprit saint	Boyd	Hakili senu						wt
-53018186881	Miracle	bk	Kabako						wt
-53018428141	Sabbat	bk	Lafiɲɛlon						wt
-53018531254	Résurrection	bk	Sukununi		Suu kununi				wt
-53018679285	Rançon	bk	Kunmabɔsara						wt
-53018792198	Congrégation	Boyd	Kafo						wt
-53019012572	Satan	bk	Sitanɛ						wt
-53019039215	Diable	bk	Naafigi						wt
-53019084841	Témoins de jéhovah	bk	Jehova seerew						wt
-53020300790	Enfer	bk	Jahanama						wt
-53020406468	Royaume de dieu	bk	Ala ka masaya						wt
-53277812243	Baisser	bk	Suuri		Sosuuri				wt
-54217186332	Antenne de traduction	bk	Gafew bayɛlɛma yɔrɔ						wt
-54217186334	Esclave fidèle et avisé	Boyd	Jɔnkɛ dannamɔgɔ hakiliman		Joncɛ  kantigiman hakiliman				wt
-54217186336	Ancien	bk	Diinan mɔgɔ kɔrɔ						wt
-54217186337	Surveillant itinérant	bk	Kɔrɔsigibaga tagamakɛla						wt
-54217186338	Pionnier	bk	Piyɔniye						wt
-54217186339	Assistant ministériel	bk	Kɔrɔsigi ciden						wt
-54217186340	Famille du béthel	bk	Betɛli denbaya mogow						wt
-54217186341	Béthel	bk	Betɛli						wt
-5583657714	Démon	bk	Jina						wt
-55856535110	Sacrifier	bk	Saraka						wt
-55856535126	Ressussiter	bk	Lakunun						wt
-55856535130	Éternellement	bk	Kudayi						wt
-55856535132	Originel		Kɔrɔba						marked wt
-55856535180	Paradis	yq	Alijɛnɛ		Alijɛnɛ				wt
-7052097941	Israëlites	bk	Israɛldenw						wt
-7053266987	185000	bk	Waa kɛmɛ ni bi seegi ni looru						wt
-7054004510	Représentant de dieu	bk	Ala ka lasigidenw						wt
-7054053843	Expliquer	bk	Ɲɛfɔ						wt
-7054111008	Guider	bk	Ɲɛminɛ						wt
-8263134106	Dessein	bk	Sago						wt
